<?xml version="1.0" encoding="UTF-8"?>
<beans xmlns="http://www.springframework.org/schema/beans" xmlns:xsi="http://www.w3.org/2001/XMLSchema-instance" xmlns:context="http://www.springframework.org/schema/context" xmlns:tx="http://www.springframework.org/schema/tx" xsi:schemaLocation="http://www.springframework.org/schema/beans http://www.springframework.org/schema/beans/spring-beans-3.2.xsd   http://www.springframework.org/schema/context http://www.springframework.org/schema/context/spring-context-3.2.xsd   http://www.springframework.org/schema/tx http://www.springframework.org/schema/tx/spring-tx-3.2.xsd">

	<bean id="stock_tea" class="com.jpmorgan.stockmarket.entity.Stock">
		<property name="stockSymbol" value="TEA"></property>
		<property name="stockType" value="COMMON"></property>
		<property name="lastDividend" value="0"></property>
		<property name="fixedDividend" value="0"></property>
		<property name="parValue" value="100"></property>
	</bean>
	<bean id="stock_pop" class="com.jpmorgan.stockmarket.entity.Stock">
		<property name="stockSymbol" value="POP"></property>
		<property name="stockType" value="COMMON"></property>
		<property name="lastDividend" value="8"></property>
		<property name="fixedDividend" value="0"></property>
		<property name="parValue" value="100"></property>
	</bean>
	<bean id="stock_ale" class="com.jpmorgan.stockmarket.entity.Stock">
		<property name="stockSymbol" value="ALE"></property>
		<property name="stockType" value="COMMON"></property>
		<property name="lastDividend" value="23"></property>
		<property name="fixedDividend" value="0"></property>
		<property name="parValue" value="60"></property>
	</bean>
	<bean id="stock_gin" class="com.jpmorgan.stockmarket.entity.Stock">
		<property name="stockSymbol" value="GIN"></property>
		<property name="stockType" value="PREFERRED"></property>
		<property name="lastDividend" value="8"></property>
		<property name="fixedDividend" value="0.02"></property>
		<property name="parValue" value="100"></property>
	</bean>
	<bean id="stock_joe" class="com.jpmorgan.stockmarket.entity.Stock">
		<property name="stockSymbol" value="JOE"></property>
		<property name="stockType" value="COMMON"></property>
		<property name="lastDividend" value="13"></property>
		<property name="fixedDividend" value="0"></property>
		<property name="parValue" value="250"></property>
	</bean>
		
	<bean id="stockMarketRepository" class="com.jpmorgan.stockmarket.repository.StockMarketRepositoryImpl">
		<property name="stocksMap">
			<map>
				<entry key="TEA" value-ref="stock_tea"></entry>
				<entry key="POP" value-ref="stock_pop"></entry>
				<entry key="ALE" value-ref="stock_ale"></entry>
				<entry key="GIN" value-ref="stock_gin"></entry>
				<entry key="JOE" value-ref="stock_joe"></entry>
			</map>
		</property>
	</bean>
	


</beans>